,Name,Data Types,Default Task,Attribute Types,# Instances,# Attributes,Year
1,Abalone,Multivariate,Classification,"Categorical, Integer, Real",4177,8,1995
3,Adult,Multivariate,Classification,"Categorical, Integer",48842,14,1996
5,Annealing,Multivariate,Classification,"Categorical, Integer, Real",798,38,
7,Anonymous Microsoft Web Data,,Recommender-Systems,Categorical,37711,294,1998
9,Arrhythmia,Multivariate,Classification,"Categorical, Integer, Real",452,279,1998
11,Artificial Characters,Multivariate,Classification,"Categorical, Integer, Real",6000,7,1992
13,Audiology (Original),Multivariate,Classification,Categorical,226,,1987
15,Audiology (Standardized),Multivariate,Classification,Categorical,226,69,1992
17,Auto MPG,Multivariate,Regression,"Categorical, Real",398,8,1993
19,Automobile,Multivariate,Regression,"Categorical, Integer, Real",205,26,1987
21,Badges,"Univariate, Text",Classification,,294,1,1994
23,Balance Scale,Multivariate,Classification,Categorical,625,4,1994
25,Balloons,Multivariate,Classification,Categorical,16,4,
27,Breast Cancer,Multivariate,Classification,Categorical,286,9,1988
29,Breast Cancer Wisconsin (Original),Multivariate,Classification,Integer,699,10,1992
31,Breast Cancer Wisconsin (Prognostic),Multivariate,"Classification, Regression",Real,198,34,1995
33,Breast Cancer Wisconsin (Diagnostic),Multivariate,Classification,Real,569,32,1995
35,Pittsburgh Bridges,Multivariate,Classification,"Categorical, Integer",108,13,1990
37,Car Evaluation,Multivariate,Classification,Categorical,1728,6,1997
39,Census Income,Multivariate,Classification,"Categorical, Integer",48842,14,1996
41,Chess (King-Rook vs. King-Knight),"Multivariate, Data-Generator",Classification,"Categorical, Integer",,22,1988
43,Chess (King-Rook vs. King-Pawn),Multivariate,Classification,Categorical,3196,36,1989
45,Chess (King-Rook vs. King),Multivariate,Classification,"Categorical, Integer",28056,6,1994
47,Chess (Domain Theories),Domain-Theory,,,,,
49,Bach Chorales,"Univariate, Time-Series",,"Categorical, Integer",100,6,
51,Connect-4,"Multivariate, Spatial",Classification,Categorical,67557,42,1995
53,Credit Approval,Multivariate,Classification,"Categorical, Integer, Real",690,15,
55,Japanese Credit Screening,"Multivariate, Domain-Theory",Classification,"Categorical, Real, Integer",125,,1992
57,Computer Hardware,Multivariate,Regression,Integer,209,9,1987
59,Contraceptive Method Choice,Multivariate,Classification,"Categorical, Integer",1473,9,1997
61,Covertype,Multivariate,Classification,"Categorical, Integer",581012,54,1998
63,Cylinder Bands,Multivariate,Classification,"Categorical, Integer, Real",512,39,1995
65,Dermatology,Multivariate,Classification,"Categorical, Integer",366,33,1998
67,Diabetes,"Multivariate, Time-Series",,"Categorical, Integer",,20,
69,DGP2 - The Second Data Generation Program,Data-Generator,,Real,,,
71,Document Understanding,,,,,,1994
73,EBL Domain Theories,,,,,,
75,Echocardiogram,Multivariate,Classification,"Categorical, Integer, Real",132,12,1989
77,Ecoli,Multivariate,Classification,Real,336,8,1996
79,Flags,Multivariate,Classification,"Categorical, Integer",194,30,1990
81,Function Finding,,Function-Learning,Real,352,,1990
83,Glass Identification,Multivariate,Classification,Real,214,10,1987
85,Haberman's Survival,Multivariate,Classification,Integer,306,3,1999
87,Hayes-Roth,Multivariate,Classification,Categorical,160,5,1989
89,Heart Disease,Multivariate,Classification,"Categorical, Integer, Real",303,75,1988
91,Hepatitis,Multivariate,Classification,"Categorical, Integer, Real",155,19,1988
93,Horse Colic,Multivariate,Classification,"Categorical, Integer, Real",368,27,1989
95,ICU,"Multivariate, Time-Series",,Real,,,
97,Image Segmentation,Multivariate,Classification,Real,2310,19,1990
99,Internet Advertisements,Multivariate,Classification,"Categorical, Integer, Real",3279,1558,1998
101,Ionosphere,Multivariate,Classification,"Integer, Real",351,34,1989
103,Iris,Multivariate,Classification,Real,150,4,1988
105,ISOLET,Multivariate,Classification,Real,7797,617,1994
107,Kinship,Relational,Relational-Learning,Categorical,104,12,1990
109,Labor Relations,Multivariate,,"Categorical, Integer, Real",57,16,1988
111,LED Display Domain,"Multivariate, Data-Generator",Classification,Categorical,,7,1988
113,Lenses,Multivariate,Classification,Categorical,24,4,1990
115,Letter Recognition,Multivariate,Classification,Integer,20000,16,1991
117,Liver Disorders,Multivariate,,"Categorical, Integer, Real",345,7,1990
119,Logic Theorist,Domain-Theory,,,,,
121,Lung Cancer,Multivariate,Classification,Integer,32,56,1992
123,Lymphography,Multivariate,Classification,Categorical,148,18,1988
125,Mechanical Analysis,Multivariate,Classification,"Categorical, Integer, Real",209,8,1990
127,Meta-data,Multivariate,Classification,"Categorical, Integer, Real",528,22,1996
129,Mobile Robots,Domain-Theory,,"Categorical, Integer, Real",,,1995
131,Molecular Biology (Promoter Gene Sequences),"Sequential, Domain-Theory",Classification,Categorical,106,58,1990
133,Molecular Biology (Protein Secondary Structure),Sequential,Classification,Categorical,128,,
135,Molecular Biology (Splice-junction Gene Sequences),"Sequential, Domain-Theory",Classification,Categorical,3190,61,1992
137,MONK's Problems,Multivariate,Classification,Categorical,432,7,1992
139,Moral Reasoner,Domain-Theory,,,202,,1994
141,Multiple Features,Multivariate,Classification,"Integer, Real",2000,649,
143,Mushroom,Multivariate,Classification,Categorical,8124,22,1987
145,Musk (Version 1),Multivariate,Classification,Integer,476,168,1994
147,Musk (Version 2),Multivariate,Classification,Integer,6598,168,1994
149,Nursery,Multivariate,Classification,Categorical,12960,8,1997
151,Othello Domain Theory,Domain-Theory,,,,,1991
153,Page Blocks Classification,Multivariate,Classification,"Integer, Real",5473,10,1995
155,Optical Recognition of Handwritten Digits,Multivariate,Classification,Integer,5620,64,1998
157,Pen-Based Recognition of Handwritten Digits,Multivariate,Classification,Integer,10992,16,1998
159,Post-Operative Patient,Multivariate,Classification,"Categorical, Integer",90,8,1993
161,Primary Tumor,Multivariate,Classification,Categorical,339,17,1988
163,Prodigy,Domain-Theory,,,,,
165,Qualitative Structure Activity Relationships,Domain-Theory,,,,,
167,Quadruped Mammals,"Multivariate, Data-Generator",Classification,Real,,72,1992
169,Servo,Multivariate,Regression,"Categorical, Integer",167,4,1993
171,Shuttle Landing Control,Multivariate,Classification,Categorical,15,6,1988
173,Solar Flare,Multivariate,Regression,Categorical,1389,10,1989
175,Soybean (Large),Multivariate,Classification,Categorical,307,35,1988
177,Soybean (Small),Multivariate,Classification,Categorical,47,35,1987
179,Challenger USA Space Shuttle O-Ring,Multivariate,Regression,Integer,23,4,1993
181,Low Resolution Spectrometer,Multivariate,Classification,"Integer, Real",531,102,1988
183,Spambase,Multivariate,Classification,"Integer, Real",4601,57,1999
185,SPECT Heart,Multivariate,Classification,Categorical,267,22,2001
187,SPECTF Heart,Multivariate,Classification,Integer,267,44,2001
189,Sponge,Multivariate,Clustering,"Categorical, Integer",76,45,
191,Statlog Project,,,,,,1992
193,Student Loan Relational,Domain-Theory,,,1000,,1993
195,Teaching Assistant Evaluation,Multivariate,Classification,"Categorical, Integer",151,5,1997
197,Tic-Tac-Toe Endgame,Multivariate,Classification,Categorical,958,9,1991
199,Thyroid Disease,"Multivariate, Domain-Theory",Classification,"Categorical, Real",7200,21,1987
201,Trains,Multivariate,Classification,Categorical,10,32,1994
203,University,Multivariate,Classification,"Categorical, Integer",285,17,1988
205,Congressional Voting Records,Multivariate,Classification,Categorical,435,16,1987
207,Water Treatment Plant,Multivariate,Clustering,"Integer, Real",527,38,1993
209,Waveform Database Generator (Version 1),"Multivariate, Data-Generator",Classification,Real,5000,21,1988
211,Waveform Database Generator (Version 2),"Multivariate, Data-Generator",Classification,Real,5000,40,1988
213,Wine,Multivariate,Classification,"Integer, Real",178,13,1991
215,Yeast,Multivariate,Classification,Real,1484,8,1996
217,Zoo,Multivariate,Classification,"Categorical, Integer",101,17,1990
219,Undocumented,,,,,,
221,Twenty Newsgroups,Text,,,20000,,1999
223,Australian Sign Language signs,"Multivariate, Time-Series",Classification,"Categorical, Real",6650,15,1999
225,Australian Sign Language signs (High Quality),"Multivariate, Time-Series",Classification,Real,2565,22,2002
227,US Census Data (1990),Multivariate,Clustering,Categorical,2458285,68,
229,Census-Income (KDD),Multivariate,Classification,"Categorical, Integer",299285,40,2000
231,Coil 1999 Competition Data,Multivariate,,"Categorical, Real",340,17,1999
233,Corel Image Features,Multivariate,,Real,68040,89,1999
235,E. Coli Genes,Relational,,,,,2001
237,EEG Database,"Multivariate, Time-Series",,"Categorical, Integer, Real",122,4,1999
239,El Nino,Spatio-temporal,,"Integer, Real",178080,12,1999
241,Entree Chicago Recommendation Data,"Transactional, Sequential",Recommender-Systems,Categorical,50672,,2000
243,CMU Face Images,Image,Classification,Integer,640,,1999
245,Insurance Company Benchmark (COIL 2000),Multivariate,"Regression, Description","Categorical, Integer",9000,86,2000
247,Internet Usage Data,Multivariate,,"Categorical, Integer",10104,72,1999
249,IPUMS Census Database,Multivariate,,"Categorical, Integer",256932,61,1999
251,Japanese Vowels,"Multivariate, Time-Series",Classification,Real,640,12,
253,KDD Cup 1998 Data,Multivariate,Regression,"Categorical, Integer",191779,481,1998
255,KDD Cup 1999 Data,Multivariate,Classification,"Categorical, Integer",4000000,42,1999
257,M. Tuberculosis Genes,Relational,,,,,2001
259,Movie,"Multivariate, Relational",,,10000,,1999
261,MSNBC.com Anonymous Web Data,Sequential,,Categorical,989818,,
263,NSF Research Award Abstracts 1990-2003,Text,,,129000,,2003
265,Pioneer-1 Mobile Robot Data,"Multivariate, Time-Series",,"Categorical, Real",,,1999
267,Pseudo Periodic Synthetic Time Series,"Univariate, Time-Series",,,100000,,1999
269,Reuters-21578 Text Categorization Collection,Text,Classification,Categorical,21578,5,1997
271,Robot Execution Failures,"Multivariate, Time-Series",Classification,Integer,463,90,1999
273,Synthetic Control Chart Time Series,Time-Series,"Classification, Clustering",Real,600,,1999
275,Syskill and Webert Web Page Ratings,"Multivariate, Text",Classification,Categorical,332,5,1998
277,UNIX User Data,"Text, Sequential",,,,,
279,Volcanoes on Venus - JARtool experiment,Image,Classification,,,,
281,Statlog (Australian Credit Approval),Multivariate,Classification,"Categorical, Integer, Real",690,14,
283,Statlog (German Credit Data),Multivariate,Classification,"Categorical, Integer",1000,20,1994
285,Statlog (Heart),Multivariate,Classification,"Categorical, Real",270,13,
287,Statlog (Landsat Satellite),Multivariate,Classification,Integer,6435,36,1993
289,Statlog (Image Segmentation),Multivariate,Classification,Real,2310,19,1990
291,Statlog (Shuttle),Multivariate,Classification,Integer,58000,9,
293,Statlog (Vehicle Silhouettes),Multivariate,Classification,Integer,946,18,
295,Connectionist Bench (Nettalk Corpus),Multivariate,,Categorical,20008,4,
297,"Connectionist Bench (Sonar, Mines vs. Rocks)",Multivariate,Classification,Real,208,60,
299,Connectionist Bench (Vowel Recognition - Deterding Data),,Classification,Real,528,10,
301,Economic Sanctions,Domain-Theory,,,,,
303,Protein Data,,,,,,
305,Cloud,Multivariate,,Real,1024,10,1989
307,CalIt2 Building People Counts,"Multivariate, Time-Series",,"Categorical, Integer",10080,4,2006
309,Dodgers Loop Sensor,"Multivariate, Time-Series",,"Categorical, Integer",50400,3,2006
311,Poker Hand,Multivariate,Classification,"Categorical, Integer",1025010,11,2007
313,MAGIC Gamma Telescope,Multivariate,Classification,Real,19020,11,2007
315,UJI Pen Characters,"Multivariate, Sequential",Classification,Integer,1364,,2007
317,Mammographic Mass,Multivariate,Classification,Integer,961,6,2007
319,Forest Fires,Multivariate,Regression,Real,517,13,2008
321,Reuters Transcribed Subset,Text,Classification,,200,,2008
323,Bag of Words,Text,Clustering,Integer,8000000,100000,2008
325,Concrete Compressive Strength,Multivariate,Regression,Real,1030,9,2007
327,Hill-Valley,Sequential,Classification,Real,606,101,2008
329,Arcene,Multivariate,Classification,Real,900,10000,2008
331,Dexter,Multivariate,Classification,Integer,2600,20000,2008
333,Dorothea,Multivariate,Classification,Integer,1950,100000,2008
335,Gisette,Multivariate,Classification,Integer,13500,5000,2008
337,Madelon,Multivariate,Classification,Real,4400,500,2008
339,Ozone Level Detection,"Multivariate, Sequential, Time-Series",Classification,Real,2536,73,2008
341,Abscisic Acid Signaling Network,Multivariate,Causal-Discovery,Integer,300,43,2008
343,Parkinsons,Multivariate,Classification,Real,197,23,2008
345,Character Trajectories,Time-Series,"Classification, Clustering",Real,2858,3,2008
347,Blood Transfusion Service Center,Multivariate,Classification,Real,748,5,2008
349,UJI Pen Characters (Version 2),"Multivariate, Sequential",Classification,Integer,11640,,2009
351,Semeion Handwritten Digit,Multivariate,Classification,Integer,1593,256,2008
353,SECOM,Multivariate,"Classification, Causal-Discovery",Real,1567,591,2008
355,Plants,Multivariate,Clustering,Categorical,22632,70,2008
357,Libras Movement,"Multivariate, Sequential","Classification, Clustering",Real,360,91,2009
359,Concrete Slump Test,Multivariate,Regression,Real,103,10,2009
361,Communities and Crime,Multivariate,Regression,Real,1994,128,2009
363,Acute Inflammations,Multivariate,Classification,"Categorical, Integer",120,6,2009
365,Wine Quality,Multivariate,"Classification, Regression",Real,4898,12,2009
367,URL Reputation,"Multivariate, Time-Series",Classification,"Integer, Real",2396130,3231961,2009
369,p53 Mutants,Multivariate,Classification,Real,16772,5409,2010
371,Parkinsons Telemonitoring,Multivariate,Regression,"Integer, Real",5875,26,2009
373,Demospongiae,Multivariate,Classification,Integer,503,,2010
375,Opinosis Opinion ⁄ Review,Text,,,51,,2010
377,Breast Tissue,Multivariate,Classification,Real,106,10,2010
379,Cardiotocography,Multivariate,Classification,Real,2126,23,2010
381,Wall-Following Robot Navigation Data,"Multivariate, Sequential",Classification,Real,5456,24,2010
383,Spoken Arabic Digit,"Multivariate, Time-Series",Classification,Real,8800,13,2010
385,Localization Data for Person Activity,"Univariate, Sequential, Time-Series",Classification,Real,164860,8,2010
387,AutoUniv,Multivariate,Classification,"Categorical, Integer, Real",,,2010
389,Steel Plates Faults,Multivariate,Classification,"Integer, Real",1941,27,2010
391,MiniBooNE particle identification,Multivariate,Classification,Real,130065,50,2010
393,YearPredictionMSD,Multivariate,Regression,Real,515345,90,2011
395,PEMS-SF,"Multivariate, Time-Series",Classification,Real,440,138672,2011
397,OpinRank Review Dataset,Text,,,,,2011
399,Relative location of CT slices on axial axis,Domain-Theory,Regression,Real,53500,386,2011
401,Online Handwritten Assamese Characters Dataset,"Multivariate, Sequential",Classification,Integer,8235,,2011
403,PubChem Bioassay Data,Multivariate,Classification,"Integer, Real",,,2011
405,Record Linkage Comparison Patterns,Multivariate,Classification,Real,5749132,12,2011
407,Communities and Crime Unnormalized,Multivariate,Regression,Real,2215,147,2011
409,Vertebral Column,Multivariate,Classification,Real,310,6,2011
411,EMG Physical Action Data Set,Time-Series,Classification,Real,10000,8,2011
413,Vicon Physical Action Data Set,Time-Series,Classification,Real,3000,27,2011
415,Amazon Commerce reviews set,"Multivariate, Text, Domain-Theory",Classification,Real,1500,10000,2011
417,Amazon Access Samples,"Time-Series, Domain-Theory","Regression, Clustering, Causal-Discovery",,30000,20000,2011
419,Reuter_50_50,"Multivariate, Text, Domain-Theory","Classification, Clustering",Real,2500,10000,2011
421,Farm Ads,Text,Classification,,4143,54877,2011
423,DBWorld e-mails,Text,Classification,,64,4702,2011
425,KEGG Metabolic Relation Network (Directed),"Multivariate, Univariate, Text","Classification, Regression, Clustering","Integer, Real",53414,24,2011
427,KEGG Metabolic Reaction Network (Undirected),"Multivariate, Univariate, Text","Classification, Regression, Clustering","Integer, Real",65554,29,2011
429,Bank Marketing,Multivariate,Classification,Real,45211,17,2012
431,YouTube Comedy Slam Preference Data,Text,Classification,,1138562,3,2012
433,Gas Sensor Array Drift Dataset,Multivariate,Classification,Real,13910,128,2012
435,ILPD (Indian Liver Patient Dataset),Multivariate,Classification,"Integer, Real",583,10,2012
437,OPPORTUNITY Activity Recognition,"Multivariate, Time-Series",Classification,Real,2551,242,2012
439,Nomao,Univariate,Classification,Real,34465,120,2012
441,SMS Spam Collection,"Multivariate, Text, Domain-Theory","Classification, Clustering",Real,5574,,2012
443,Skin Segmentation,Univariate,Classification,Real,245057,4,2012
445,Planning Relax,Univariate,Classification,Real,182,13,2012
447,PAMAP2 Physical Activity Monitoring,"Multivariate, Time-Series",Classification,Real,3850505,52,2012
449,Restaurant & consumer data,Multivariate,,,138,47,2012
451,CNAE-9,"Multivariate, Text",Classification,Integer,1080,857,2012
453,Individual household electric power consumption,"Multivariate, Time-Series","Regression, Clustering",Real,2075259,9,2012
455,seeds,Multivariate,"Classification, Clustering",Real,210,7,2012
457,Northix,"Multivariate, Univariate, Text",Classification,"Integer, Real",115,200,2012
459,QtyT40I10D100K,Sequential,,Integer,3960456,4,2012
461,Legal Case Reports,Text,Classification,,,,2012
463,Human Activity Recognition Using Smartphones,"Multivariate, Time-Series","Classification, Clustering",,10299,561,2012
465,One-hundred plant species leaves data set,,Classification,Real,1600,64,2012
467,Energy efficiency,Multivariate,"Classification, Regression","Integer, Real",768,8,2012
469,Yacht Hydrodynamics,Multivariate,Regression,Real,308,7,2013
471,Fertility,Multivariate,"Classification, Regression",Real,100,10,2013
473,Daphnet Freezing of Gait,"Multivariate, Time-Series",Classification,Real,237,9,2013
475,"3D Road Network (North Jutland, Denmark)","Sequential, Text","Regression, Clustering",Real,434874,4,2013
477,ISTANBUL STOCK EXCHANGE,"Multivariate, Univariate, Time-Series","Classification, Regression",Real,536,8,2013
479,Buzz in social media,"Time-Series, Multivariate","Regression, Classification","Integer, Real",140000,77,2013
481,First-order theorem proving,Multivariate,Classification,Real,6118,51,2013
483,Wearable Computing: Classification of Body Postures and Movements (PUC-Rio),Sequential,Classification,"Integer, Real",165632,18,2013
485,Gas sensor arrays in open sampling settings,"Multivariate, Time-Series",Classification,Real,18000,1950000,2013
487,Climate Model Simulation Crashes,Multivariate,Classification,Real,540,18,2013
489,MicroMass,Multivariate,Classification,Real,931,1300,2013
491,QSAR biodegradation,Multivariate,Classification,"Integer, Real",1055,41,2013
493,BLOGGER,Multivariate,Classification,,100,6,2013
495,Daily and Sports Activities,"Multivariate, Time-Series","Classification, Clustering",Real,9120,5625,2013
497,User Knowledge Modeling,Multivariate,"Classification, Clustering",Integer,403,5,2013
499,"Reuters RCV1 RCV2 Multilingual, Multiview Text Categorization Test collection",Multivariate,Classification,Real,111740,,2013
501,NYSK,"Multivariate, Sequential, Text",Clustering,,10421,7,2013
503,Turkiye Student Evaluation,Multivariate,"Classification, Clustering",,5820,33,2013
505,ser Knowledge Modeling Data (Students' Knowledge Levels on DC Electrical Machines),Multivariate,Classification,Real,403,5,2013
507,EEG Eye State,"Multivariate, Sequential, Time-Series",Classification,"Integer, Real",14980,15,2013
509,Physicochemical Properties of Protein Tertiary Structure,Multivariate,Regression,Real,45730,9,2013
511,seismic-bumps,Multivariate,Classification,Real,2584,19,2013
513,banknote authentication,Multivariate,Classification,Real,1372,5,2013
515,"USPTO Algorithm Challenge, run by NASA-Harvard Tournament Lab and TopCoder Problem: Pat",Domain-Theory,Classification,Integer,306,5,2013
517,YouTube Multiview Video Games Dataset,"Multivariate, Text","Classification, Clustering","Integer, Real",120000,1000000,2013
519,Gas Sensor Array Drift Dataset at Different Concentrations,"Multivariate, Time-Series","Classification, Regression, Clustering, Causa",Real,13910,129,2013
521,Activities of Daily Living (ADLs) Recognition Using Binary Sensors,"Multivariate, Sequential, Time-Series","Classification, Clustering",,2747,,2013
523,SkillCraft1 Master Table Dataset,Multivariate,Regression,"Integer, Real",3395,20,2013
525,Weight Lifting Exercises monitored with Inertial Measurement Units,Multivariate,Classification,Real,39242,152,2013
527,SML2010,"Multivariate, Sequential, Time-Series, Text",Regression,Real,4137,24,2014
529,Bike Sharing Dataset,Univariate,Regression,"Integer, Real",17389,16,2013
531,Predict keywords activities in a online social media,"Multivariate, Sequential, Time-Series",,"Integer, Real",51,35,2013
533,Thoracic Surgery Data,Multivariate,Classification,"Integer, Real",470,17,2013
535,EMG dataset in Lower Limb,"Multivariate, Time-Series",,Real,132,5,2014
537,SUSY,,Classification,Real,5000000,18,2014
539,HIGGS,,Classification,Real,11000000,28,2014
541,Qualitative_Bankruptcy,Multivariate,Classification,,250,7,2014
543,LSVT Voice Rehabilitation,Multivariate,Classification,Real,126,309,2014
545,Dataset for ADL Recognition with Wrist-worn Accelerometer,"Multivariate, Time-Series","Classification, Clustering",,,3,2014
547,Wilt,Multivariate,Classification,,4889,6,2014
549,User Identification From Walking Activity,"Univariate, Sequential, Time-Series","Classification, Clustering",Real,,,2014
551,Activity Recognition from Single Chest-Mounted Accelerometer,"Univariate, Sequential, Time-Series","Classification, Clustering",Real,,,2014
553,Leaf,Multivariate,Classification,Real,340,16,2014
555,Dresses_Attribute_Sales,Text,"Classification, Clustering",,501,13,2014
557,Tamilnadu Electricity Board Hourly Readings,Multivariate,"Classification, Regression, Clustering",Real,45781,5,2013
559,Airfoil Self-Noise,Multivariate,Regression,Real,1503,6,2014
561,Wholesale customers,Multivariate,"Classification, Clustering",Integer,440,8,2014
563,Twitter Data set for Arabic Sentiment Analysis,Text,Classification,,2000,2,2014
565,Combined Cycle Power Plant,Multivariate,Regression,Real,9568,4,2014
567,Urban Land Cover,Multivariate,Classification,,168,148,2014
569,Diabetes 130-US hospitals for years 1999-2008,Multivariate,"Classification, Clustering",Integer,100000,55,2014
571,Bach Choral Harmony,Sequential,Classification,,5665,17,2014
573,StoneFlakes,Multivariate,"Classification, Clustering, Causal-Discovery",Real,79,8,2014
575,Tennis Major Tournament Match Statistics,Multivariate,"Classification, Regression, Clustering","Integer, Real",127,42,2014
577,Parkinson Speech Dataset with Multiple Types of Sound Recordings,Multivariate,"Classification, Regression","Integer, Real",1040,26,2014
579,Gesture Phase Segmentation,"Multivariate, Sequential, Time-Series","Classification, Clustering",Real,9900,50,2014
581,Perfume Data,"Univariate, Domain-Theory","Classification, Clustering",Integer,560,2,2014
583,BlogFeedback,Multivariate,Regression,"Integer, Real",60021,281,2014
585,REALDISP Activity Recognition Dataset,"Multivariate, Time-Series",Classification,Real,1419,120,2014
587,Newspaper and magazine images segmentation dataset,,Classification,,101,,2014
589,AAAI 2014 Accepted Papers,Multivariate,Clustering,,399,6,2014
591,Gas sensor array under flow modulation,"Multivariate, Time-Series","Classification, Regression",Real,58,120432,2014
593,Gas sensor array exposed to turbulent gas mixtures,"Multivariate, Time-Series","Classification, Regression",Real,180,150000,2014
595,UJIIndoorLoc,Multivariate,"Classification, Regression","Integer, Real",21048,529,2014
597,Sentence Classification,Text,Classification,Integer,,,2014
599,Dow Jones Index,Time-Series,"Classification, Clustering","Integer, Real",750,16,2014
601,sEMG for Basic Hand movements,Time-Series,Classification,Real,3000,2500,2014
603,AAAI 2013 Accepted Papers,Multivariate,Clustering,,150,5,2014
605,Geographical Original of Music,Multivariate,"Classification, Regression",Real,1059,68,2014
607,Condition Based Maintenance of Naval Propulsion Plants,Multivariate,Regression,Real,11934,16,2014
609,Grammatical Facial Expressions,"Multivariate, Sequential","Classification, Clustering",Real,27965,100,2014
611,NoisyOffice,Multivariate,"Classification, Regression",Real,216,216,2015
613,MHEALTH Dataset,"Multivariate, Time-Series",Classification,Real,120,23,2014
615,Student Performance,Multivariate,"Classification, Regression",Integer,649,33,2014
617,ElectricityLoadDiagrams20112014,Time-Series,"Regression, Clustering",Real,370,140256,2015
619,Gas sensor array under dynamic gas mixtures,"Multivariate, Time-Series","Classification, Regression",Real,4178504,19,2015
621,microblogPCU,"Multivariate, Univariate, Sequential, Text","Classification, Causal-Discovery","Integer, Real",221579,20,2015
623,Firm-Teacher_Clave-Direction_Classification,Multivariate,Classification,,10800,20,2015
625,Dataset for Sensorless Drive Diagnosis,Multivariate,Classification,Real,58509,49,2015
627,TV News Channel Commercial Detection Dataset,Multivariate,"Classification, Clustering",Real,129685,12,2015
629,Phishing Websites,,Classification,Integer,2456,30,2015
631,Greenhouse Gas Observing Network,"Multivariate, Time-Series",Regression,Real,2921,5232,2015
633,Diabetic Retinopathy Debrecen Data Set,Multivariate,Classification,"Integer, Real",1151,20,2014
635,HIV-1 protease cleavage,Multivariate,Classification,Categorical,6590,1,2015
637,Sentiment Labelled Sentences,Text,Classification,,3000,,2015
639,Online News Popularity,Multivariate,"Classification, Regression","Integer, Real",39797,61,2015
641,Forest type mapping,Multivariate,Classification,,326,27,2015
643,wiki4HE,Multivariate,"Regression, Clustering, Causal-Discovery",,913,53,2015
645,Online Video Characteristics and Transcoding Time Dataset,Multivariate,Regression,"Integer, Real",168286,11,2015
647,Chronic_Kidney_Disease,Multivariate,Classification,Real,400,25,2015
649,Machine Learning based ZZAlpha Ltd. Stock Recommendations 2012-2014,"Sequential, Time-Series",Classification,Real,314080,0,2015
651,Folio,Multivariate,"Classification, Clustering",,637,20,2015
653,"Taxi Service Trajectory - Prediction Challenge, ECML PKDD 2015","Multivariate, Sequential, Time-Series, Domain-Theory","Clustering, Causal-Discovery",Real,1710671,9,2015
655,Cuff-Less Blood Pressure Estimation,Multivariate,"Classification, Regression",Real,12000,3,2015
657,Smartphone-Based Recognition of Human Activities and Postural Transitions,"Multivariate, Time-Series",Classification,Real,10929,561,2015
659,Mice Protein Expression,Multivariate,"Classification, Clustering",Real,1080,82,2015
661,UJIIndoorLoc-Mag,"Multivariate, Sequential, Time-Series","Classification, Regression, Clustering","Integer, Real",40000,13,2015
663,Heterogeneity Activity Recognition,"Multivariate, Time-Series","Classification, Clustering",Real,43930257,16,2015
665,Educational Process Mining (EPM): A Learning Analytics Data Set,"Multivariate, Sequential, Time-Series","Classification, Regression, Clustering",Integer,230318,13,2015
667,HEPMASS,Multivariate,Classification,Real,10500000,28,2016
669,Indoor User Movement Prediction from RSS data,"Multivariate, Sequential, Time-Series",Classification,Real,13197,4,2016
671,Open University Learning Analytics dataset,"Multivariate, Sequential, Time-Series","Classification, Regression, Clustering",Integer,,,2015
673,default of credit card clients,Multivariate,Classification,"Integer, Real",30000,24,2016
675,Mesothelioma’s disease data set,Multivariate,Classification,Real,324,34,2016
677,Online Retail,"Multivariate, Sequential, Time-Series","Classification, Clustering","Integer, Real",541909,8,2015
679,SIFT10M,Multivariate,Causal-Discovery,Integer,11164866,128,2016
681,GPS Trajectories,Multivariate,"Classification, Regression",Real,163,15,2016
683,Detect Malacious Executable(AntiVirus),Multivariate,Classification,Real,373,513,2016
685,Occupancy Detection,"Multivariate, Time-Series",Classification,Real,20560,7,2016
687,Improved Spiral Test Using Digitized Graphics Tablet for Monitoring Parkinson’s Disease,Multivariate,"Classification, Regression, Clustering",Real,40,7,2016
689,News Aggregator,Multivariate,"Classification, Clustering",,422937,5,2016
691,Air Quality,"Multivariate, Time-Series",Regression,Real,9358,15,2016
693,Twin gas sensor arrays,"Multivariate, Time-Series, Domain-Theory","Classification, Regression",Real,640,480000,2016
695,Gas sensors for home activity monitoring,"Multivariate, Time-Series",Classification,Real,919438,11,2016
697,Facebook Comment Volume Dataset,Multivariate,Regression,"Integer, Real",40949,54,2016
699,Smartphone Dataset for Human Activity Recognition (HAR) in Ambient Assisted Living (AAL),Time-Series,Classification,Real,5744,561,2016
701,Polish companies bankruptcy data,Multivariate,Classification,Real,10503,64,2016
703,Activity Recognition system based on Multisensor data fusion (AReM),"Multivariate, Sequential, Time-Series",Classification,Real,42240,6,2016
705,Dota2 Games Results,Multivariate,Classification,,102944,116,2016
707,Facebook metrics,Multivariate,Regression,Integer,500,19,2016
709,UbiqLog (smartphone lifelogging),Multivariate,Causal-Discovery,,9782222,,2016
711,NIPS Conference Papers 1987-2015,Text,Clustering,Integer,11463,5812,2016
713,HTRU2,Multivariate,"Classification, Clustering",Real,17898,9,2017
715,Drug consumption (quantified),Multivariate,Classification,Real,1885,32,2016
717,Appliances energy prediction,"Multivariate, Time-Series",Regression,Real,19735,29,2017
719,Miskolc IIS Hybrid IPS,Text,"Classification, Clustering, Causal-Discovery",Integer,1540,67,2016
721,KDC-4007 dataset Collection,"Multivariate, Text","Classification, Regression",Integer,4007,,2017
723,Geo-Magnetic field and WLAN dataset for indoor localisation from wristband and smartphone,"Multivariate, Sequential, Time-Series","Classification, Regression, Clustering","Integer, Real",153540,25,2017
725,DrivFace,Multivariate,"Classification, Regression, Clustering",Real,606,6400,2016
727,Website Phishing,Multivariate,Classification,Integer,1353,10,2016
729,YouTube Spam Collection,Text,Classification,,1956,5,2017
731,Beijing PM2.5 Data,"Multivariate, Time-Series",Regression,"Integer, Real",43824,13,2017
733,Cargo 2000 Freight Tracking and Tracing,"Multivariate, Sequential","Classification, Regression",Integer,3942,98,2016
735,Cervical cancer (Risk Factors),Multivariate,Classification,"Integer, Real",858,36,2017
737,Quality Assessment of Digital Colposcopies,Multivariate,Classification,Real,287,69,2017
739,KASANDR,Multivariate,Causal-Discovery,Integer,17764280,2158859,2017
741,FMA: A Dataset For Music Analysis,"Multivariate, Time-Series","Classification, Clustering",Real,106574,518,2017
743,Air quality,"Multivariate, Time-Series",Regression,Real,9358,15,2016
745,Epileptic Seizure Recognition,"Multivariate, Time-Series","Classification, Clustering","Integer, Real",11500,179,2017
747,Devanagari Handwritten Character Dataset,,Classification,Integer,92000,,2016
749,Stock portfolio performance,Multivariate,Regression,Real,315,12,2016
751,MoCap Hand Postures,Multivariate,"Classification, Clustering","Integer, Real",78095,38,2016
753,Early biomarkers of Parkinson�s disease based on natural connected speech,Multivariate,"Classification, Regression","Integer, Real",130,65,2017
755,Data for Software Engineering Teamwork Assessment in Education Setting,"Sequential, Time-Series",Classification,"Integer, Real",74,102,2017
757,PM2.5 Data of Five Chinese Cities,"Multivariate, Time-Series",Regression,"Integer, Real",52854,86,2017
759,Parkinson Disease Spiral Drawings Using Digitized Graphics Tablet,Multivariate,"Classification, Regression, Clustering",Integer,77,7,2017
761,Sales_Transactions_Dataset_Weekly,"Multivariate, Time-Series",Clustering,"Integer, Real",811,53,2017
763,Las Vegas Strip,,"Classification, Regression",Integer,504,20,2017
765,Eco-hotel,Text,,,401,1,2017
767,MEU-Mobile KSD,Multivariate,Classification,"Integer, Real",2856,71,2016
769,Crowdsourced Mapping,Multivariate,Classification,,10546,29,2016
771,gene expression cancer RNA-Seq,Multivariate,"Classification, Clustering",Real,801,20531,2016
773,"Hybrid Indoor Positioning Dataset from WiFi RSSI, Bluetooth and magnetometer","Multivariate, Sequential, Time-Series",Classification,Real,1540,65,2016
775,chestnut – LARVIC,,"Classification, Clustering",,1451,3,2017
777,Burst Header Packet (BHP) flooding attack on Optical Burst Switching (OBS) Network,Text,Classification,Integer,1075,22,2017
779,Motion Capture Hand Postures,Multivariate,"Classification, Clustering",Real,78095,38,2017
781,Anuran Calls (MFCCs),Multivariate,"Classification, Clustering",Real,7195,22,2017
783,TTC-3600: Benchmark dataset for Turkish text categorization,Text,"Classification, Clustering",Integer,3600,4814,2017
785,Gastrointestinal Lesions in Regular Colonoscopy,Multivariate,Classification,Real,76,698,2016
787,Daily Demand Forecasting Orders,Time-Series,Regression,Integer,60,13,2017
789,Paper Reviews,Text,"Classification, Regression",Integer,405,10,2017
791,extention of Z-Alizadeh sani dataset,,Classification,"Integer, Real",303,59,2017
793,Z-Alizadeh Sani,,Classification,"Integer, Real",303,56,2017
795,Dynamic Features of VirusShare Executables,"Multivariate, Time-Series","Classification, Regression",Integer,107888,482,2017
797,IDA2016Challenge,Multivariate,Classification,Integer,76000,171,2017
799,DSRC Vehicle Communications,"Sequential, Text",Clustering,Real,10000,5,2017
801,Mturk User-Perceived Clusters over Images,"Multivariate, Text",Clustering,Integer,180,500,2016
803,Character Font Images,Multivariate,Classification,"Integer, Real",745000,411,2016
805,DeliciousMIL: A Data Set for Multi-Label Multi-Instance Learning with Instance Labels,Text,Classification,Integer,12234,8519,2016
807,Autistic Spectrum Disorder Screening Data for Children,Multivariate,Classification,Integer,292,21,2017
809,Autistic Spectrum Disorder Screening Data for Adolescent,Multivariate,Classification,Integer,104,21,2017
811,APS Failure at Scania Trucks,Multivariate,Classification,"Integer, Real",60000,171,2017
813,Wireless Indoor Localization,Multivariate,Classification,Real,2000,7,2017
815,HCC Survival,Multivariate,Classification,"Integer, Real",165,49,2017
817,CSM (Conventional and Social Media Movies) Dataset 2014 and 2015,Multivariate,"Classification, Regression",Integer,217,12,2017
819,University of Tehran Question Dataset 2016 (UTQD.2016),Text,Classification,,1175,3,2017
821,Autism Screening Adult,,Classification,Integer,704,21,2017
823,Activity recognition with healthy older people using a batteryless wearable sensor,Sequential,Classification,Real,75128,9,2016
825,Immunotherapy Dataset,Univariate,Classification,"Integer, Real",90,8,2018
827,Cryotherapy Dataset,Univariate,Classification,"Integer, Real",90,7,2018
829,OCT data & Color Fundus Images of Left & Right Eyes,Multivariate,Classification,Real,50,2,2016
831,Discrete Tone Image Dataset,Multivariate,Classification,,71,11,2018
833,News Popularity in Multiple Social Media Platforms,"Multivariate, Time-Series, Text",Regression,"Integer, Real",93239,11,2018
835,Ultrasonic flowmeter diagnostics,Multivariate,Classification,Real,540,173,2018
837,ICMLA 2014 Accepted Papers Data Set,Multivariate,"Classification, Clustering",,105,5,2018
839,BLE RSSI Dataset for Indoor localization and Navigation,"Multivariate, Sequential, Time-Series","Classification, Clustering",Integer,6611,15,2018
841,Container Crane Controller Data Set,"Univariate, Domain-Theory","Classification, Regression",Real,15,3,2018
843,Residential Building Data Set,Multivariate,Regression,Real,372,105,2018
845,Health News in Twitter,Text,Clustering,Real,58000,25000,2018
847,chipseq,Sequential,Classification,Integer,4960,,2018
849,SGEMM GPU kernel performance,Multivariate,Regression,Integer,241600,18,2018
851,Repeat Consumption Matrices,Multivariate,Clustering,Real,130000,21000,2018
853,detection_of_IoT_botnet_attacks_N_BaIoT,"Multivariate, Sequential","Classification, Clustering",Real,7062606,115,2018
855,Absenteeism at work,"Multivariate, Time-Series","Classification, Clustering","Integer, Real",740,21,2018
857,SCADI,Multivariate,"Classification, Clustering",,70,206,2018
859,Condition monitoring of hydraulic systems,"Multivariate, Time-Series","Classification, Regression",Real,2205,43680,2018
861,Carbon Nanotubes,Univariate,Regression,Real,10721,8,2018
863,Optical Interconnection Network,Multivariate,"Classification, Regression","Integer, Real",640,10,2018
865,Sports articles for objectivity analysis,"Multivariate, Text",Classification,Integer,1000,59,2018
867,Breast Cancer Coimbra,Multivariate,Classification,Integer,116,10,2018
869,GNFUV Unmanned Surface Vehicles Sensor Data,"Multivariate, Time-Series",Regression,Real,1672,5,2018
871,Dishonest Internet users Dataset,Multivariate,"Classification, Clustering",,322,5,2018
873,Victorian Era Authorship Attribution,Text,Classification,,93600,1000,2018
875,Simulated Falls and Daily Living Activities Data Set,Time-Series,Classification,Integer,3060,138,2018
877,Multimodal Damage Identification for Humanitarian Computing,"Multivariate, Text",Classification,Integer,5879,,2018
879,EEG Steady-State Visual Evoked Potential Signals,"Multivariate, Time-Series","Classification, Regression",Integer,9200,16,2018
881,Roman Urdu Data Set,Text,Classification,,20000,2,2018
883,Avila,Multivariate,Classification,Real,20867,10,2018
885,PANDOR,Multivariate,Recommendation,Categorical,,,2018
887,Drug Review Dataset (Druglib.com),"Multivariate, Text","Classification, Regression, Clustering",Integer,4143,8,2018
889,Drug Review Dataset (Drugs.com),"Multivariate, Text","Classification, Regression, Clustering",Integer,215063,6,2018
891,Physical Unclonable Functions,Multivariate,Classification,Integer,6000000,129,2018
893,Superconductivty Data,Multivariate,Regression,Real,21263,81,2018
895,WESAD (Wearable Stress and Affect Detection),"Multivariate, Time-Series","Classification, Regression",Real,63000000,12,2018
897,GNFUV Unmanned Surface Vehicles Sensor Data Set 2,"Multivariate, Sequential, Time-Series",Regression,Real,10190,6,2018
899,Student Academics Performance,Multivariate,Classification,,300,22,2018
901,Online Shoppers Purchasing Intention Dataset,Multivariate,"Classification, Clustering","Integer, Real",12330,18,2018
903,PMU-UD,Univariate,Classification,,5180,9,2018
905,Parkinson's Disease Classification,Multivariate,Classification,"Integer, Real",756,754,2018
907,Electrical Grid Stability Simulated Data,Multivariate,"Classification, Regression",Real,10000,14,2018
909,Caesarian Section Classification Dataset,Univariate,Classification,Integer,80,5,2018
911,BAUM-1,Time-Series,Classification,,1184,,2018
913,BAUM-2,Time-Series,Classification,,1047,,2018
915,Audit Data,Multivariate,Classification,Real,777,18,2018
917,BuddyMove Data Set,"Multivariate, Text","Classification, Clustering",Real,249,7,2018
919,Real estate valuation data set,Multivariate,Regression,"Integer, Real",414,7,2018
921,Early biomarkers of Parkinson’s disease based on natural connected speech Data Set,Multivariate,Classification,Real,,,2018
923,Somerville Happiness Survey,,Classification,Integer,143,7,2018
925,2.4 GHZ Indoor Channel Measurements,Multivariate,Classification,Real,7840,5,2018
927,EMG data for gestures,Time-Series,Classification,Real,30000,6,2019
929,Parking Birmingham,"Multivariate, Univariate, Sequential, Time-Series","Classification, Regression, Clustering",Real,35717,4,2019
931,Behavior of the urban traffic of the city of Sao Paulo in Brazil,"Multivariate, Time-Series","Classification, Regression","Integer, Real",135,18,2018
933,Travel Reviews,"Multivariate, Text","Classification, Clustering",Real,980,11,2018
935,Tarvel Review Ratings,"Multivariate, Text","Classification, Clustering",Real,5456,25,2018
937,Rice Leaf Diseases,Multivariate,Classification,Integer,120,,2019
939,Gas sensor array temperature modulation,"Multivariate, Time-Series","Classification, Regression",Real,4095000,20,2019
941,Facebook Live Sellers in Thailand,Multivariate,Clustering,Integer,7051,12,2019
943,Parkinson Dataset with replicated acoustic features,Multivariate,Classification,,240,46,2019
945,Metro Interstate Traffic Volume,"Multivariate, Sequential, Time-Series",Regression,"Integer, Real",48204,9,2019
947,Query Analytics Workloads Dataset,Multivariate,"Regression, Clustering",Real,260000,8,2019
949,Wave Energy Converters,Multivariate,Regression,Real,288000,49,2019
951,PPG-DaLiA,"Multivariate, Time-Series",Regression,Real,8300000,11,2019
953,Alcohol QCM Sensor Dataset,Multivariate,"Classification, Regression, Clustering",Real,125,8,2019
955,Divorce Predictors data set,"Multivariate, Univariate",Classification,Integer,170,54,2019
957,Incident management process enriched event log,"Multivariate, Sequential","Regression, Clustering",Integer,141712,36,2019
959,Opinion Corpus for Lebanese Arabic Reviews (OCLAR),Text,Classification,Integer,3916,3916,2019
961,MEx,Time-Series,"Classification, Clustering",Real,6262,710,2019
963,Beijing Multi-Site Air-Quality Data,"Multivariate, Time-Series",Regression,"Integer, Real",420768,18,2019
965,Online Retail II,"Multivariate, Sequential, Time-Series, Text","Classification, Regression, Clustering","Integer, Real",1067371,8,2019
967,Hepatitis C Virus (HCV) for Egyptian patients,Multivariate,Classification,"Integer, Real",1385,29,2019
969,QSAR fish toxicity,Multivariate,Regression,Real,908,7,2019
971,QSAR aquatic toxicity,Multivariate,Regression,Real,546,9,2019
973,Human Activity Recognition from Continuous Ambient Sensor Data,"Multivariate, Sequential, Time-Series",Classification,"Integer, Real",13956534,37,2019
975,WISDM Smartphone and Smartwatch Activity and Biometrics Dataset,"Multivariate, Time-Series",Classification,Real,15630426,6,2019
977,QSAR oral toxicity,Multivariate,Classification,,8992,1024,2019
979,QSAR androgen receptor,Multivariate,Classification,,1687,1024,2019
981,QSAR Bioconcentration classes dataset,Multivariate,"Classification, Regression",,779,14,2019
983,QSAR fish bioconcentration factor (BCF),Multivariate,Regression,"Integer, Real",1056,7,2019
985,A study of Asian Religious and Biblical Texts,"Multivariate, Text","Classification, Clustering",Integer,590,8265,2019
987,Real-time Election Results: Portugal 2019,"Multivariate, Time-Series, Text",Regression,"Integer, Real",21643,29,2019
989,Bias correction of numerical prediction model temperature forecast,Multivariate,Regression,Real,7750,25,2020
991,Bar Crawl: Detecting Heavy Drinking,"Multivariate, Time-Series","Classification, Regression",Real,14057567,3,2020
993,Kitsune Network Attack Dataset,"Multivariate, Sequential, Time-Series","Classification, Clustering, Causal-Discovery",Real,27170754,115,2019
995,Shoulder Implant X-Ray Manufacturer Classification,Multivariate,Classification,Real,597,1,2020
997,Speaker Accent Recognition,Multivariate,Classification,Real,329,12,2020
999,Heart failure clinical records,Multivariate,"Classification, Regression, Clustering","Integer, Real",299,13,2020
1001,Deepfakes: Medical Image Tamper Detection,Multivariate,Classification,Real,20000,200000,2020
1003,selfBACK,Time-Series,"Classification, Clustering",Real,26136,6,2020
1005,South German Credit,Multivariate,"Classification, Regression, Clustering","Integer, Real",1000,21,2019
1007,Exasens,Multivariate,"Classification, Clustering",Integer,399,4,2020
1009,Swarm Behaviour,Multivariate,Classification,Real,24017,2400,2020
1011,Crop mapping using fused optical-radar data set,"Multivariate, Time-Series",Classification,Real,325834,175,2020
1013,BitcoinHeistRansomwareAddressDataset,"Multivariate, Time-Series","Classification, Clustering","Integer, Real",2916697,10,2020
1015,Facebook Large Page-Page Network,Multivariate,Classification,,22470,4714,2020
1017,Amphibians,Multivariate,Classification,"Integer, Real",189,23,2020
1019,Early stage diabetes risk prediction dataset.,Multivariate,Classification,,520,17,2020
1021,Turkish Spam V01,Text,Classification,,826,2,2019
1023,Stock keeping units,Multivariate,Clustering,"Integer, Real",2279,9,2019
1025,Demand Forecasting for a store,Multivariate,Regression,Integer,28764,8,2019
1027,Detect Malware Types,"Multivariate, Time-Series, Text",Classification,,7107,280,2019
1029,Wave Energy Converters,Multivariate,Regression,Real,288000,49,2019
1031,Youtube cookery channels viewers comments in Hinglish,"Multivariate, Text",Classification,,9800,3,2019
1033,Pedestrian in Traffic Dataset,"Multivariate, Sequential, Time-Series","Classification, Regression, Causal-Discovery",Real,4760,14,2019
1035,Cervical Cancer Behavior Risk,"Multivariate, Univariate","Classification, Clustering",Integer,72,19,2019
1037,Sattriya_Dance_Single_Hand_Gestures Dataset,Multivariate,Classification,,1450,,2019
1039,Divorce Predictors data set,"Multivariate, Univariate",Classification,Integer,170,54,2019
1041,3W dataset,"Multivariate, Time-Series","Classification, Clustering","Integer, Real",1984,8,2019
1043,Malware static and dynamic features VxHeaven and Virus Total,Multivariate,Classification,"Integer, Real",2955,1087,2019
1045,Internet Firewall Data,Multivariate,Classification,,65532,12,2019
1047,User Profiling and Abusive Language Detection Dataset,,Classification,,65919,3,2019
1049,Estimation of obesity levels based on eating habits and physical condition,Multivariate,"Classification, Regression, Clustering",Integer,2111,17,2019
1051,Rice (Cammeo and Osmancik),Multivariate,Classification,Real,3810,8,2019
1053,Vehicle routing and scheduling problems,Multivariate,Clustering,"Integer, Real",18,9,2019
1055,Algerian Forest Fires Dataset,Multivariate,"Classification, Regression",Real,244,12,2019
1057,Breath Metabolomics,"Multivariate, Time-Series","Classification, Clustering",Real,104,1656,2019
1059,Horton General Hospital,"Multivariate, Time-Series",Causal-Discovery,Integer,139,6,2019
1061,"UrbanGB, urban road accidents coordinates labelled by the urban center",Univariate,Clustering,Real,360177,2,2019
1063,Gas Turbine CO and NOx Emission Data Set,Multivariate,"Regression, Clustering",Real,36733,11,2019
1065,Activity recognition using wearable physiological measurements,Multivariate,Classification,Real,4480,533,2019
1067,clickstream data for online shopping,"Multivariate, Sequential","Classification, Regression, Clustering","Integer, Real",165474,14,2019
1069,CNNpred: CNN-based stock market prediction using a diverse set of variables,"Sequential, Time-Series","Classification, Regression",Real,1985,84,2019
1071,Apartment for rent classified,Multivariate,"Classification, Regression, Clustering",,10000,22,2019
1073,: Simulated Data set of Iraqi tourism places,Multivariate,"Classification, Clustering",,232,16,2020
1075,Nasarian CAD Dataset,Multivariate,Classification,,150,52,2020
1077,Monolithic Columns in Troad and Mysia Region,Multivariate,Classification,Real,11,19,2020
1079,Bar Crawl: Detecting Heavy Drinking,"Multivariate, Time-Series","Classification, Regression",Real,14057567,3,2020
1081,Seoul Bike Sharing Demand,Multivariate,Regression,"Integer, Real",8760,14,2020
1083,Person Classification Gait Data,Multivariate,Classification,Real,48,321,2020
1085,Shill Bidding Dataset,Multivariate,"Classification, Clustering",,6321,13,2020
1087,Iranian Churn Dataset,Multivariate,"Classification, Regression",Integer,3150,13,2020
1089,Unmanned Aerial Vehicle (UAV) Intrusion Detection,Multivariate,Classification,Real,17256,55,2020
1091,Bone marrow transplant: children,Multivariate,"Classification, Regression","Integer, Real",187,39,2020
1093,Exasens,Multivariate,"Classification, Clustering",Integer,399,4,2020
1095,COVID-19 Surveillance,Multivariate,Classification,,14,7,2020
1097,Refractive errors,Multivariate,Classification,Integer,467,79,2020
1099,Shoulder Implant X-Ray Manufacturer Classification,Multivariate,Classification,Real,597,1,2020
1101,CLINC150,Text,Classification,,23700,,2020
1103,HCV data,Multivariate,"Classification, Clustering","Integer, Real",615,14,2020
1105,Taiwanese Bankruptcy Prediction,Multivariate,Classification,Integer,6819,96,2020
1107,South German Credit (UPDATE),Multivariate,"Classification, Regression, Clustering","Integer, Real",1000,21,2020
1109,IIWA14-R820-Gazebo-Dataset-10Trajectories,,Regression,Integer,,,2020
1111,Guitar Chords finger positions,Text,Classification,,2633,5,2020
1113,Russian Corpus of Biographical Texts,Text,Classification,,200,2,2020
1115,Codon usage,Multivariate,"Classification, Clustering",,13028,69,2020
1117,Intelligent Media Accelerometer and Gyroscope (IM-AccGyro) Dataset,Time-Series,Classification,Real,800,9,2020
1119,Myocardial infarction complications,Multivariate,Classification,Real,1700,124,2020
1121,Hungarian Chickenpox Cases,Time-Series,Regression,Real,521,20,2021
1123,Simulated data for survival modelling,"Multivariate, Time-Series",Regression,"Integer, Real",120000,25,2018
1125,Student Performance on an entrance examination,Multivariate,Classification,,666,11,2018
1127,Chemical Composition of Ceramic Samples,Multivariate,"Classification, Clustering",Real,88,19,2019
1129,Labeled Text Forum Threads Dataset,Text,Classification,Integer,200,9,2019
1131,Stock keeping units,Multivariate,Clustering,"Integer, Real",2279,9,2019
1133,BLE RSSI dataset for Indoor localization,"Sequential, Time-Series",Classification,Integer,23570,5,2019
1135,Basketball dataset,Time-Series,Classification,Integer,10000,7,2019
1137,GitHub MUSAE,Multivariate,Classification,,37700,4006,2019
1139,Anticancer peptides,Sequential,Classification,,1850,2,2019
1141,Monolithic Columns in Troad and Mysia Region,Multivariate,Classification,Real,11,19,2020
1143,Gender by Name,Text,"Classification, Clustering",,147270,4,2020
1145,Iranian Churn Dataset,Multivariate,"Classification, Regression",Integer,3150,13,2020
1147,Unmanned Aerial Vehicle (UAV) Intrusion Detection,Multivariate,Classification,Real,17256,55,2020
1149,Shoulder Implant Manufacture Classification,Multivariate,Classification,,597,1,2020
1151,LastFM Asia Social Network,Multivariate,Classification,,7624,7842,2020
1153,Wheat kernels,Multivariate,Classification,Real,314,15,2020
1155,Productivity Prediction of Garment Employees,"Multivariate, Time-Series","Classification, Regression","Integer, Real",1197,15,2020
1157,Multi-view Brain Networks,Multivariate,"Classification, Clustering",Integer,70,70,2020
1159,LastFM Asia Social Network,Multivariate,Classification,,7624,7842,2020
1161,Wisesight Sentiment Corpus,"Multivariate, Text",Classification,,26737,4,2020
1163,AI4I 2020 Predictive Maintenance Dataset,"Multivariate, Time-Series","Classification, Regression, Causal-Discovery",Real,10000,14,2020
1165,Dry Bean Dataset,Multivariate,Classification,"Integer, Real",13611,17,2020
1167,in-vehicle coupon recommendation,Multivariate,Classification,,12684,23,2020
1169,Gait Classification,Multivariate,Classification,Real,48,321,2020
1171,Wikipedia Math Essentials,Time-Series,Regression,Real,731,1068,2021
1173,Wikipedia Math Essentials,Time-Series,Regression,Real,731,1068,2021
1175,Synchronous Machine Data Set,Multivariate,Regression,Real,557,5,2021
