,Name,Product,Price
0,Nike,Men Zoom Span 4 Running Shoes,Rs. 7195
1,ALDO,Men Driving Shoes,Rs. 11199
2,ALDO,Leather Solid Loafers,Rs. 10499
3,PUMA Motorsport,Unisex Scuderia Ferrari Shoes,Rs. 7999
4,Puma,Men Jamming 2.0 Running Shoes,Rs. 10399
5,PUMA Motorsport,Unisex Mercedes F1 Sneakers,Rs. 7999
6,Puma,Men Velocity Nitro Running,Rs. 8799
7,PUMA Motorsport,Unisex FerrariRS-Fast Sneakers,Rs. 7999
8,Hush Puppies,Men Solid Leather Formal Slip-Ons,Rs. 8099
9,Puma,Men Deviate Nitro Running Shoe,Rs. 11999
10,Puma,Men Running Shoes,Rs. 9749
11,UNDER ARMOUR,Men HOVR Sonic STRT Tech Shoes,Rs. 9999
12,Calvin Klein,Men UV MONO Leather Sneakers,Rs. 8999
13,Puma,Unisex Mirage Remix Sneakers,Rs. 7199
14,Puma,Men Magnify Nitro Running,Rs. 12999
15,UNDER ARMOUR,Women HOVR Sonic 4 FnRn,Rs. 10999
16,Calvin Klein,Men Solid Mid-Top Sneakers,Rs. 10599
17,FORCLAZ By Decathlon,TREKKING 100 Boots,Rs. 6999
18,PUMA Motorsport,Unisex BMW RS-Connect Sneakers,Rs. 7999
19,Tommy Hilfiger,Men Air Leather Sneakers,Rs. 8999
20,Puma,Men Liberate NITRO Running,Rs. 7999
21,Calvin Klein,Men Textured Leather Sneaker,Rs. 9999
22,Nike,Men BlazerLow '77 Sneakers,Rs. 7195
23,Tommy Hilfiger,Women Leather Pumps,Rs. 7999
24,Hush Puppies,Men Leather Slip-On Sneakers,Rs. 7999
25,Hush Puppies,Men Solid Leather Formal Slip-Ons,Rs. 8999
26,Converse,Men Leather High-Top Flat Boots,Rs. 8999
27,Puma,Unisex Leather Trainers,Rs. 7999
28,UNDER ARMOUR,Women HOVR Sonic 4 Running,Rs. 10999
29,Kalenji By Decathlon,Men KD500 Running Shoe,Rs. 7773
30,Calvin Klein,Men Woven Design Sneakers,Rs. 6999
31,Puma,Women Magnify Nitro Shoes,Rs. 10399
32,ASICS,Women GlideRide Running Shoes,Rs. 11199
33,Cole Haan,Leather Sneakers,Rs. 10999
34,Puma,Unisex RS-Connect Pop Trainers,Rs. 8999
35,UNDER ARMOUR,Women Charged Bandit 6 Running,Rs. 8999
36,UNDER ARMOUR,Women Charged Rogue 2.5ClrSft,Rs. 7999
37,Geox,Leather Heeled Boots,Rs. 12999
38,Bugatti,Men Black Walking Shoes,Rs. 8999
39,Calvin Klein,Men Solid Low Top LTH Sneakers,Rs. 8999
40,Puma,Women Liberate NITRO Running,Rs. 7999
41,J.FONTINI,Men Solid Loafers,Rs. 8990
42,UNDER ARMOUR,Women Charged Vantage ClrShft,Rs. 7999
43,Tommy Hilfiger,Men Lightweight Sneakers,Rs. 7999
44,ASICS,Women GlideRide Running Shoes,Rs. 11199
45,Tommy Hilfiger,Women Textured Running Shoes,Rs. 6999
46,Hush Puppies,Men Formal Derbys,Rs. 8999
47,Heel & Buckle London,Men Leather Sneakers,Rs. 7693
48,DAVINCHI,Ustraa black,Rs. 8990
49,Hush Puppies,Men Leather Derbys,Rs. 7199
50,Heel & Buckle London,Men Leather Sneakers,Rs. 7693
51,DAVINCHI,Ustraa black,Rs. 8990
52,Hush Puppies,Men Leather Derbys,Rs. 7199
53,ROSSO BRUNELLO,Men Solid Leather Formal Loafers,Rs. 12999
54,Calvin Klein,Men Solid Leather Sneakers,Rs. 9999
55,Puma,Women Eternity NITRO Shoes,Rs. 10399
56,Puma,Unisex Mirage Sport Trainers,Rs. 9999
57,Puma,Unisex Solar Strike Gym Shoes,Rs. 6999
58,Puma,Women Velocity NITRO Runners,Rs. 8799
59,FILA,Men Running Shoes,Rs. 8499
60,Puma,Men FUTURE Z 4.1 FG/AG Shoes,Rs. 6999
61,Calvin Klein,Men Solid Suede Sneakers,Rs. 7999
62,Saint G,Men Mid-Top Chelsea Boots,Rs. 10900
63,Heel & Buckle London,Women Leather Pumps,Rs. 8900
64,Cole Haan,Men GENERATION ZEROGRAND STITCHLITE,Rs. 11999
65,Ruosh,Men Formal Leather Brogues,Rs. 7490
66,Puma,Unisex Textured Sneakers,Rs. 7999
67,Tommy Hilfiger,Women Leather Block Pumps,Rs. 7999
68,Ruosh,Men Solid Leather Formal Slip-Ons,Rs. 6990
69,Geox,Men Leather Formal Derbys,Rs. 9999
70,Tommy Hilfiger,Women Hybrid Leather Sneakers,Rs. 7999
71,Puma,Unisex Suede Bloc Trainers,Rs. 7999
72,Puma,Unisex Textured Sneakers,Rs. 7999
73,Tommy Hilfiger,Women WARMLINED Sneakers,Rs. 7999
74,J.FONTINI,Men Black Leather Loafers,Rs. 8490
75,Tommy Hilfiger,Women ELEVATED Leather Sneaker,Rs. 7599
76,Ruosh,Men Leather Slip-On Shoes,Rs. 6990
77,ALDO,Women Solid Leather Pumps,Rs. 6999
78,Puma,Unisex Suede Tech Sneakers,Rs. 6999
79,Heel & Buckle London,Women Mules,Rs. 7910
80,J.FONTINI,Men Leather Formal Loafers,Rs. 6990
81,Ruosh,Men Leather Formal Brogues,Rs. 6990
82,KIPRUN By Decathlon,Women Running Shoes,Rs. 7006
83,Bugatti,Leather Block Heeled Boots,Rs. 9999
84,ASICS,Women Running Shoes,Rs. 7199
85,Saint G,Women Leather Heeled Boots,Rs. 9500
86,UNDER ARMOUR,Women Charged Impulse Shft,Rs. 7499
87,Puma,FIRST MILE Forever XT Utility,Rs. 8999
88,Puma,Women LVLU XTMoto TrainingShoe,Rs. 6999
89,Geox,Women Mid-Top Flat Boots,Rs. 10999
90,Geox,Women Leather Pumps,Rs. 8999
91,Ruosh,Men Textured Derbys,Rs. 8990
92,Clarks,Men Leather Formal Shoes,Rs. 9099
93,Tommy Hilfiger,Women CLEAT Textured Sneakers,Rs. 8599
94,Heel & Buckle London,Women Peep Toe Heels,Rs. 8900
95,Heel & Buckle London,Women High-Top Leather Heels,Rs. 7910
96,Puma,Women PRONOUNCE May Sneakers,Rs. 7999
97,Cole Haan,Men Wingtip Oxford Sneakers,Rs. 12999
98,Geox,Men Leather Mid-Top Flat Boots,Rs. 12999
99,ADIDAS,Women Kaptir Super Running,Rs. 8999
